server_fit_accuracy,server_fit_loss,server_fit_precision,server_fit_recall,server_fit_f1,server_ev_accuracy,server_ev_loss,server_ev_precision,server_ev_recall,server_ev_f1,supernode-1_fit_accuracy,supernode-1_fit_loss,supernode-1_fit_precision,supernode-1_fit_recall,supernode-1_fit_f1,supernode-1_ev_accuracy,supernode-1_ev_loss,supernode-1_ev_precision,supernode-1_ev_recall,supernode-1_ev_f1,supernode-2_fit_accuracy,supernode-2_fit_loss,supernode-2_fit_precision,supernode-2_fit_recall,supernode-2_fit_f1,supernode-2_ev_accuracy,supernode-2_ev_loss,supernode-2_ev_precision,supernode-2_ev_recall,supernode-2_ev_f1,supernode-3_fit_accuracy,supernode-3_fit_loss,supernode-3_fit_precision,supernode-3_fit_recall,supernode-3_fit_f1,supernode-3_ev_accuracy,supernode-3_ev_loss,supernode-3_ev_precision,supernode-3_ev_recall,supernode-3_ev_f1,supernode-4_fit_accuracy,supernode-4_fit_loss,supernode-4_fit_precision,supernode-4_fit_recall,supernode-4_fit_f1,supernode-4_ev_accuracy,supernode-4_ev_loss,supernode-4_ev_precision,supernode-4_ev_recall,supernode-4_ev_f1,supernode-5_fit_accuracy,supernode-5_fit_loss,supernode-5_fit_precision,supernode-5_fit_recall,supernode-5_fit_f1,supernode-5_ev_accuracy,supernode-5_ev_loss,supernode-5_ev_precision,supernode-5_ev_recall,supernode-5_ev_f1
0.3466470686815591,0.0,0.12241407418545797,0.11240846001994306,0.11620914175770415,0.11987602425647173,2.3830161102570284,0.1030032252723385,0.1236176420836729,0.11088247402572818,0.33203125,0.0,0.10560214519500732,0.10598699748516083,0.10579421371221542,0.1220727488398552,2.3229131547231523,0.10415754467248917,0.11467186361551285,0.1091621071100235,0.3525390625,0.0,0.09978751093149185,0.10802297294139862,0.10374204814434052,0.046181172132492065,2.6306302144493854,0.06977616995573044,0.13106007874011993,0.09106792509555817,0.3564453125,0.0,0.09526781737804413,0.11330810934305191,0.10350777953863144,0.14423739910125732,2.3370692885440327,0.10684318840503693,0.12135853618383408,0.1136392131447792,0.357421875,0.0,0.16494131088256836,0.11692261695861816,0.13684169948101044,0.15080790221691132,2.3255197729383195,0.12171249091625214,0.11411066353321075,0.11778905242681503,0.3359375,0.0,0.1365818828344345,0.11792955547571182,0.12657223641872406,0.14762826263904572,2.265725913414588,0.11523084342479706,0.1360323578119278,0.12477055191993713
0.34219850640969546,0.0,0.15430410016691143,0.11717421289482524,0.13068779040921705,0.12897420557462747,2.3558745837913198,0.12534879552045122,0.13497868582376885,0.12683974504932669,0.333984375,0.0,0.2443227469921112,0.11634711921215057,0.1576302945613861,0.1494768261909485,2.2773170054904996,0.09865891933441162,0.12742002308368683,0.11121001094579697,0.375,0.0,0.14172950387001038,0.11594796180725098,0.1275489628314972,0.05550621822476387,2.5238772513161245,0.1907103806734085,0.13452844321727753,0.15776695311069489,0.3701171875,0.0,0.10110019147396088,0.10519659519195557,0.10310771316289902,0.16356107592582703,2.3788623654324077,0.08079451322555542,0.15500983595848083,0.10622318089008331,0.333984375,0.0,0.14655211567878723,0.1261712610721588,0.13560014963150024,0.15394973754882812,2.2986717632838656,0.11473016440868378,0.12299144268035889,0.1187172532081604,0.3037109375,0.0,0.12620005011558533,0.11800865828990936,0.12196696549654007,0.13794772326946259,2.2946265880878154,0.12273009121417999,0.14169050753116608,0.1315305083990097
0.3463711271501075,0.0,0.10439338206855933,0.11125242755005518,0.10716828839152365,0.13397320716831237,2.3372954620356796,0.12814101887879145,0.13044783831316098,0.12788203225534955,0.3310546875,0.0,0.08609523624181747,0.11861215531826019,0.09977110475301743,0.124564029276371,2.299077242139786,0.1106787919998169,0.125546395778656,0.11764471977949142,0.365234375,0.0,0.09816013276576996,0.10771355777978897,0.10271517187356949,0.06483126431703568,2.5582495440899486,0.10442276298999786,0.14817765355110168,0.1225106343626976,0.3837890625,0.0,0.11594562232494354,0.1140485554933548,0.1149892583489418,0.13733609020709991,2.36869129927262,0.15713849663734436,0.12082915008068085,0.13661238551139832,0.330078125,0.0,0.11192315816879272,0.10013830661773682,0.10570326447486877,0.17145422101020813,2.2608124324253627,0.14279447495937347,0.12995293736457825,0.13607141375541687,0.33203125,0.0,0.1127488985657692,0.11798430979251862,0.11530719697475433,0.17570184171199799,2.1940365057725173,0.1348181515932083,0.1231631189584732,0.12872736155986786
0.36746392983711684,0.0,0.12675022617927986,0.12765145720934962,0.12680331355245705,0.1476704664863579,2.319349416474342,0.12087915594179471,0.14366968061608854,0.12975217191544539,0.326171875,0.0,0.10128698498010635,0.11810165643692017,0.10904994606971741,0.16143497824668884,2.23326779925634,0.1459900438785553,0.1544213593006134,0.1500873863697052,0.3828125,0.0,0.11157803237438202,0.12319022417068481,0.11709693819284439,0.049289520829916,2.5593799537336324,0.08838383108377457,0.1185770034790039,0.10127799957990646,0.3642578125,0.0,0.10719505697488785,0.11708676815032959,0.11192277073860168,0.17943409085273743,2.2910606187322866,0.09047375619411469,0.1483452022075653,0.11239766329526901,0.365234375,0.0,0.14059269428253174,0.12812606990337372,0.13407018780708313,0.1938958764076233,2.263313453538077,0.10883986949920654,0.15379014611244202,0.1274682879447937,0.3955078125,0.0,0.16681157052516937,0.1486881971359253,0.15722934901714325,0.16940948367118835,2.2216028671998242,0.16621452569961548,0.14638355374336243,0.15567000210285187
0.36554933215410773,0.0,0.13579892256813197,0.13101094815537503,0.13249002577149932,0.16436712605771817,2.2655222696938573,0.14778744266363794,0.15115313790477863,0.14814057891826776,0.3505859375,0.0,0.15825219452381134,0.13530755043029785,0.1458832025527954,0.1569506675004959,2.233067686595614,0.15309029817581177,0.1484762579202652,0.15074798464775085,0.4072265625,0.0,0.13962006568908691,0.13965867459774017,0.13963936269283295,0.09325044602155685,2.463689085463403,0.13937966525554657,0.14228305220603943,0.14081640541553497,0.359375,0.0,0.09110869467258453,0.11475582420825958,0.10157410800457001,0.16356107592582703,2.2400755623112554,0.1861804872751236,0.14296215772628784,0.16173391044139862,0.3212890625,0.0,0.1522844284772873,0.1201266422867775,0.13430744409561157,0.19973069429397583,2.282226048197065,0.11040095239877701,0.15705494582653046,0.12965887784957886,0.38671875,0.0,0.12336753308773041,0.14054305851459503,0.13139639794826508,0.21151985228061676,2.0808760643005373,0.1651916354894638,0.16280242800712585,0.16398833692073822
0.4089350951922596,0.0,0.17764790426794247,0.1535856225450752,0.16395868809469116,0.18576284661558337,2.20467943757143,0.16876007469176912,0.17086228768519462,0.16847081550346138,0.3564453125,0.0,0.22119252383708954,0.14791059494018555,0.1772768348455429,0.2062780261039734,2.183186313462636,0.20315790176391602,0.19137059152126312,0.19708815217018127,0.416015625,0.0,0.14093875885009766,0.13733050227165222,0.1391112357378006,0.11944937705993652,2.458589110575931,0.12027347087860107,0.17311035096645355,0.1419340819120407,0.4130859375,0.0,0.1557350605726242,0.14570221304893494,0.1505516767501831,0.18633539974689484,2.1619905466618747,0.17386837303638458,0.14559175074100494,0.15847861766815186,0.39453125,0.0,0.17133280634880066,0.15430352091789246,0.162372887134552,0.21409335732460022,2.146212407520839,0.17021416127681732,0.16734960675239563,0.1687697321176529,0.46484375,0.0,0.19752360880374908,0.18157121539115906,0.18921177089214325,0.20716360211372375,2.041781500669626,0.18304553627967834,0.17000094056129456,0.17628225684165955
0.4069341162370618,0.0,0.16410609862644546,0.16067990603146062,0.16221628467707855,0.19436112697441277,2.155685276174646,0.18809758805198876,0.18006845820196818,0.1833205347468414,0.361328125,0.0,0.15250124037265778,0.1619902104139328,0.157102569937706,0.20279023051261902,2.135127109194559,0.17411449551582336,0.1794384866952896,0.17673639953136444,0.4326171875,0.0,0.15396352112293243,0.15260949730873108,0.1532835215330124,0.14875666797161102,2.3013873771882394,0.2231069803237915,0.18979232013225555,0.20510566234588623,0.412109375,0.0,0.18490201234817505,0.1592789739370346,0.17113672196865082,0.17529331147670746,2.1808850972548774,0.19020071625709534,0.14820733666419983,0.16659852862358093,0.3994140625,0.0,0.17029504477977753,0.16508212685585022,0.1676480770111084,0.2356373369693756,2.115410910333906,0.16861426830291748,0.1826266497373581,0.1753409504890442,0.427734375,0.0,0.16518506407737732,0.16443848609924316,0.1648109257221222,0.20474345982074738,2.042595177430373,0.18305611610412598,0.18966832756996155,0.18630357086658478
0.42490762233424173,0.0,0.20464857474742124,0.17516729448522841,0.18722604058600587,0.21215756733914276,2.129088293319908,0.1924883303532503,0.1839996435417101,0.1854827062824063,0.3740234375,0.0,0.2509705424308777,0.1559339016675949,0.19235382974147797,0.21773791313171387,2.100679206469702,0.17287445068359375,0.19225217401981354,0.18204912543296814,0.462890625,0.0,0.2179245948791504,0.18062135577201843,0.197527214884758,0.15230906009674072,2.247520429987303,0.23358571529388428,0.16686901450157166,0.19466978311538696,0.44140625,0.0,0.1721034049987793,0.1742098033428192,0.1731501966714859,0.2097998559474945,2.1232983210812444,0.20926587283611298,0.17546504735946655,0.1908806562423706,0.3701171875,0.0,0.16904263198375702,0.17237065732479095,0.1706904172897339,0.24192100763320923,2.2063430718013217,0.14096775650978088,0.1971731185913086,0.16439925134181976,0.48046875,0.0,0.20638108253479004,0.19159796833992004,0.1987149566411972,0.24152952432632446,1.9483399336154645,0.21053814888000488,0.1864350140094757,0.19775483012199402
0.4410261528701435,0.0,0.19551803995710093,0.18394653314268286,0.18833803137640184,0.21255748543476397,2.1235820296551156,0.2071930878959377,0.19899982543670758,0.20180753646636337,0.392578125,0.0,0.151548370718956,0.16602912545204163,0.15845860540866852,0.23617339134216309,2.05990567472246,0.18827347457408905,0.21553418040275574,0.2009836584329605,0.4697265625,0.0,0.22609734535217285,0.19943639636039734,0.21193167567253113,0.14875666797161102,2.318221513654145,0.24840354919433594,0.18846099078655243,0.2143198698759079,0.439453125,0.0,0.1559881567955017,0.1708574891090393,0.16308459639549255,0.18633539974689484,2.1420829399772314,0.20026159286499023,0.1742379516363144,0.18634559214115143,0.41015625,0.0,0.253379762172699,0.19001510739326477,0.21716977655887604,0.2598743140697479,2.1095469849450246,0.19487948715686798,0.20739226043224335,0.200941264629364,0.4912109375,0.0,0.17022155225276947,0.18710315227508545,0.1782635599374771,0.22652468085289001,1.9754371056189903,0.19879238307476044,0.20274165272712708,0.20074759423732758
0.4614573990418271,0.0,0.20409187854686447,0.20309534092814727,0.20321679363859207,0.23645270601662843,2.065136723747628,0.22192077784151154,0.21621357635858415,0.21883062705162215,0.4375,0.0,0.18411915004253387,0.18721112608909607,0.18565227091312408,0.2331838607788086,2.059306258247012,0.23166052997112274,0.22260336577892303,0.22704166173934937,0.482421875,0.0,0.21964900195598602,0.19389483332633972,0.20596998929977417,0.15985789895057678,2.2354536358739288,0.2210906744003296,0.20717474818229675,0.21390661597251892,0.4580078125,0.0,0.211955264210701,0.2465505599975586,0.22794778645038605,0.19530710577964783,2.1361369438793347,0.22252018749713898,0.19445160031318665,0.20754116773605347,0.423828125,0.0,0.19693103432655334,0.19721540808677673,0.19707311689853668,0.27692997455596924,2.04802656514304,0.2061983346939087,0.21542386710643768,0.21071015298366547,0.5048828125,0.0,0.20875079929828644,0.20443591475486755,0.2065708190202713,0.30832526087760925,1.8538057327270507,0.22989888489246368,0.23597335815429688,0.23289653658866882
0.46989659053265165,0.0,0.23812742265971149,0.2177573582611535,0.22684231669990781,0.24155169003452212,2.0586987811785735,0.21216138861693518,0.21531256940979357,0.21352069327483725,0.4326171875,0.0,0.19138303399085999,0.20585210621356964,0.19835403561592102,0.249128058552742,2.0170309259777977,0.20137694478034973,0.21673333644866943,0.20877313613891602,0.4921875,0.0,0.2510666847229004,0.21370258927345276,0.23088273406028748,0.1691829413175583,2.26534749084795,0.21863076090812683,0.21630248427391052,0.21746039390563965,0.4599609375,0.0,0.18233171105384827,0.19526639580726624,0.18857750296592712,0.22153209149837494,2.0626789305521096,0.20209582149982452,0.18060767650604248,0.19074848294258118,0.478515625,0.0,0.2800738513469696,0.23228959739208221,0.2539534866809845,0.28052064776420593,2.0384959731783185,0.20739459991455078,0.22396573424339294,0.21536187827587128,0.4794921875,0.0,0.2633221745491028,0.23384039103984833,0.24770714342594147,0.28509196639060974,1.8929190672360934,0.22778615355491638,0.22786211967468262,0.2278241366147995
0.47516526216935845,0.0,0.23560542593560127,0.2124672085396963,0.22272755532951627,0.25204959219305595,2.020033559147316,0.2506973898305318,0.23270660767678475,0.24113467289367643,0.4267578125,0.0,0.20558874309062958,0.1977940946817398,0.20161612331867218,0.25112107396125793,2.0267350446610224,0.23294289410114288,0.22978051006793976,0.23135089874267578,0.49609375,0.0,0.24103078246116638,0.20875534415245056,0.22373506426811218,0.17673179507255554,2.1577290363714727,0.27013468742370605,0.24791190028190613,0.2585466206073761,0.4677734375,0.0,0.19140011072158813,0.19943353533744812,0.19533425569534302,0.21739129722118378,2.0841471086377683,0.261945903301239,0.21286186575889587,0.23486681282520294,0.4658203125,0.0,0.22437910735607147,0.2221020758152008,0.22323480248451233,0.305655300617218,1.9909100822040013,0.23127087950706482,0.2265140265226364,0.22886773943901062,0.5146484375,0.0,0.30195459723472595,0.22951745986938477,0.2607996165752411,0.30154889822006226,1.8498721251120933,0.2598182260990143,0.23957130312919617,0.24928432703018188
0.4933292074759988,0.0,0.24682979769879945,0.21812470418148336,0.2308136793723839,0.25434913565649603,1.9984179497390966,0.24209083771823622,0.22508834712572323,0.2330104122785682,0.453125,0.0,0.25674980878829956,0.205006405711174,0.22797897458076477,0.2516193389892578,1.9677612762602548,0.22057196497917175,0.2267185002565384,0.2236029952764511,0.541015625,0.0,0.27899715304374695,0.22714467346668243,0.2504148483276367,0.178507998585701,2.197611221125428,0.26229438185691833,0.2314085215330124,0.24588535726070404,0.4912109375,0.0,0.20642785727977753,0.2149626761674881,0.2106088250875473,0.21601104736328125,2.003902284995369,0.2333577424287796,0.20781812071800232,0.21984867751598358,0.4638671875,0.0,0.20686300098896027,0.21496005356311798,0.2108338177204132,0.30071812868118286,1.9808275512286595,0.23279190063476562,0.23001441359519958,0.23139482736587524,0.513671875,0.0,0.2735515534877777,0.2266688048839569,0.2479131668806076,0.3165537416934967,1.8261959277666533,0.2571258246898651,0.223415806889534,0.23908843100070953
0.4843249486693085,0.0,0.2230203068632204,0.22040546181586523,0.22151198464531596,0.2692461448850643,1.9705712751556423,0.25181390694012,0.24067488621411573,0.24605103726805128,0.41796875,0.0,0.20767302811145782,0.1962832659482956,0.201817587018013,0.2690582871437073,1.944584469946604,0.259846568107605,0.25056925415992737,0.2551236152648926,0.5166015625,0.0,0.24785979092121124,0.22654667496681213,0.23672446608543396,0.1736234426498413,2.1420756192274495,0.241315558552742,0.23739948868751526,0.23934149742126465,0.505859375,0.0,0.2087213546037674,0.22276794910430908,0.21551603078842163,0.25465837121009827,2.0134097830108972,0.26168137788772583,0.24388805031776428,0.25247156620025635,0.46484375,0.0,0.2275189906358719,0.23829367756843567,0.23278170824050903,0.30071812868118286,1.9898775781903948,0.23860695958137512,0.23531372845172882,0.2369488924741745,0.51953125,0.0,0.21602924168109894,0.21620281040668488,0.21611599624156952,0.3499515950679779,1.7580060738783616,0.26277607679367065,0.23816132545471191,0.24986393749713898
0.49356349653420173,0.0,0.2623907037549117,0.23077484430494985,0.2443409737141241,0.27864427026975774,1.9709813973792905,0.26036747352966333,0.27375416320589774,0.2658271440337406,0.435546875,0.0,0.23116552829742432,0.20849239826202393,0.2192443460226059,0.2850024998188019,1.924308012402247,0.26015761494636536,0.2625485062599182,0.26134759187698364,0.5087890625,0.0,0.22169892489910126,0.21040192246437073,0.21590276062488556,0.15674956142902374,2.2530499142660223,0.2554078996181488,0.3338935971260071,0.28942424058914185,0.50390625,0.0,0.2269638329744339,0.22403545677661896,0.22549013793468475,0.2574189007282257,1.996016818544139,0.2459040880203247,0.22904393076896667,0.23717474937438965,0.4951171875,0.0,0.382474809885025,0.27172791957855225,0.3177274763584137,0.32630160450935364,1.9251566972051348,0.2525787055492401,0.24866119027137756,0.25060465931892395,0.5244140625,0.0,0.23242083191871643,0.23519322276115417,0.2337988018989563,0.3688286542892456,1.740718227166396,0.2845208942890167,0.27750441431999207,0.28096887469291687
0.5197835087066853,0.0,0.28805354368469704,0.25058960590197316,0.2668583516954118,0.28654268423906926,1.928295634068129,0.2610381225649535,0.26082370965969703,0.26071104794514227,0.462890625,0.0,0.24759607017040253,0.23857612907886505,0.24300242960453033,0.28550073504447937,1.9300102222533453,0.2525385916233063,0.26428335905075073,0.2582775056362152,0.5732421875,0.0,0.36424797773361206,0.2606564164161682,0.303865909576416,0.19094137847423553,2.095036672874236,0.2564258575439453,0.2777935862541199,0.26668238639831543,0.490234375,0.0,0.23790819942951202,0.2273273766040802,0.2324974536895752,0.2574189007282257,1.9331573066504106,0.24457624554634094,0.2280687838792801,0.23603422939777374,0.515625,0.0,0.32396072149276733,0.27254799008369446,0.2960387170314789,0.3245062828063965,1.9451882345335825,0.2610636353492737,0.24860255420207977,0.2546807527542114,0.5419921875,0.0,0.2407398670911789,0.24391666054725647,0.24231787025928497,0.3712487816810608,1.7232504863005418,0.28584054112434387,0.2751174867153168,0.28037652373313904
0.5211634605167759,0.0,0.25370451530353255,0.24702714182724445,0.25016629006604657,0.2916416698510684,1.9211871557199736,0.26763180184009144,0.2631657378950302,0.2652587231693328,0.4755859375,0.0,0.2506357729434967,0.23717324435710907,0.24371874332427979,0.29397109150886536,1.9131982837404524,0.28895431756973267,0.2792767882347107,0.2840331494808197,0.55859375,0.0,0.2642258405685425,0.24594752490520477,0.2547592520713806,0.1856127828359604,2.0910537175729242,0.24916920065879822,0.261993944644928,0.2554207146167755,0.5078125,0.0,0.23082299530506134,0.24260826408863068,0.23656894266605377,0.2808833718299866,1.892071298930956,0.26025334000587463,0.23710313439369202,0.24813945591449738,0.4775390625,0.0,0.24034658074378967,0.2485344111919403,0.2443719357252121,0.3271992802619934,1.9462827018329076,0.25848808884620667,0.2541199326515198,0.2562853991985321,0.5810546875,0.0,0.2756640613079071,0.25925111770629883,0.26720577478408813,0.3741529583930969,1.7371456109560452,0.2820785939693451,0.27682632207870483,0.27942779660224915
0.5278092517907146,0.0,0.28057763275220826,0.2490926612045796,0.2632016514210625,0.2954409164479913,1.910053357553922,0.2797849080164989,0.26281490727105966,0.27097377530266537,0.4736328125,0.0,0.2913477122783661,0.23694047331809998,0.26134246587753296,0.292974591255188,1.9065841909438845,0.2834762930870056,0.2761833071708679,0.2797822952270508,0.55078125,0.0,0.2736645042896271,0.25219112634658813,0.26248934864997864,0.21625222265720367,2.0523952732623463,0.273140013217926,0.25431543588638306,0.2633918225765228,0.53515625,0.0,0.32283076643943787,0.23952379822731018,0.2750067412853241,0.27812284231185913,1.8920331752818564,0.28573352098464966,0.25215405225753784,0.2678956389427185,0.5146484375,0.0,0.2615637183189392,0.2634508013725281,0.26250386238098145,0.33213645219802856,1.9506059782845633,0.27244463562965393,0.25965753197669983,0.2658974528312683,0.564453125,0.0,0.26853227615356445,0.2487470805644989,0.2582612931728363,0.3567279875278473,1.7271727323532104,0.28718581795692444,0.269974946975708,0.27831459045410156
0.5211942726042552,0.0,0.2734899910648284,0.2582259066404775,0.26541865058625136,0.29964007425757555,1.9114359902736784,0.2846053686321461,0.28300906548235943,0.2829578122993012,0.4912109375,0.0,0.23883959650993347,0.2286287099123001,0.23362262547016144,0.32436472177505493,1.8284704855510168,0.2788105607032776,0.2993943989276886,0.2887360751628876,0.5546875,0.0,0.32845133543014526,0.28418269753456116,0.3047176003456116,0.1913854330778122,2.1685809098498923,0.2976171374320984,0.24945147335529327,0.27141398191452026,0.5146484375,0.0,0.2825016975402832,0.26539498567581177,0.27368128299713135,0.23671497404575348,1.9537059094594873,0.29306158423423767,0.3355751931667328,0.31288084387779236,0.515625,0.0,0.2821491062641144,0.27414947748184204,0.27809175848960876,0.37477558851242065,1.8384641238621302,0.2657919228076935,0.2779063880443573,0.2717141807079315,0.5244140625,0.0,0.23159250617027283,0.236492320895195,0.2340167611837387,0.3567279875278473,1.7607843032250037,0.2904093265533447,0.2723056674003601,0.28106626868247986
0.5339344603948948,0.0,0.27241865575650354,0.2606068300718939,0.2662752792496247,0.3060387972741574,1.8925687851004906,0.28006795516516586,0.2794305828333473,0.27953158596102606,0.4921875,0.0,0.24941428005695343,0.25563353300094604,0.25248563289642334,0.2919780910015106,1.8990137558134774,0.26467496156692505,0.27488917112350464,0.26968538761138916,0.5302734375,0.0,0.2506099343299866,0.24008281528949738,0.2452334612607956,0.21269981563091278,2.056181187361059,0.28333526849746704,0.29631441831588745,0.28967952728271484,0.537109375,0.0,0.26444560289382935,0.2590727210044861,0.2617315948009491,0.2767425775527954,1.8992662144743877,0.27693313360214233,0.29155150055885315,0.28405436873435974,0.51953125,0.0,0.29196715354919434,0.26991182565689087,0.28050661087036133,0.3478456139564514,1.9115834270204817,0.2942335903644562,0.270333468914032,0.28177762031555176,0.591796875,0.0,0.30305182933807373,0.2788521647453308,0.2904488146305084,0.3969022333621979,1.6827626943588256,0.2783821225166321,0.2667478024959564,0.2724408209323883
0.532997108839817,0.0,0.27433516222170884,0.2573904185314418,0.26522996055882564,0.30913817241022146,1.8763455892529757,0.285092855326368,0.27783255136935525,0.28108667176298036,0.47265625,0.0,0.24888412654399872,0.24577562510967255,0.24732010066509247,0.30493274331092834,1.8543796047331795,0.2723385989665985,0.2716935873031616,0.27201569080352783,0.560546875,0.0,0.2902609705924988,0.2617575526237488,0.2752733826637268,0.22380106151103973,2.0353364843717765,0.2914711833000183,0.31656867265701294,0.3035019636154175,0.5380859375,0.0,0.26546013355255127,0.26409777998924255,0.26477718353271484,0.2753623127937317,1.9017404551091401,0.28647381067276,0.265361487865448,0.27551379799842834,0.5107421875,0.0,0.30281445384025574,0.2548063397407532,0.2767437696456909,0.3487432599067688,1.884634806428637,0.2889261841773987,0.2644551992416382,0.2761496305465698,0.58203125,0.0,0.257214218378067,0.2620004713535309,0.25958529114723206,0.38722169399261475,1.6976295672930204,0.28542786836624146,0.26474565267562866,0.27469801902770996
0.5480700304546477,0.0,0.2821567080215702,0.26685634331408964,0.27397697655682185,0.31903618949278667,1.8651023838311966,0.28826942674590694,0.2885977267098651,0.28836674403367196,0.5048828125,0.0,0.22994431853294373,0.2454085648059845,0.23742491006851196,0.3114100694656372,1.870392642323933,0.2842322289943695,0.2887203097343445,0.28645870089530945,0.5712890625,0.0,0.29848748445510864,0.26241183280944824,0.27928951382637024,0.20381882786750793,2.0854462821718673,0.2998560070991516,0.30605006217956543,0.3029213547706604,0.5341796875,0.0,0.2690914273262024,0.26802918314933777,0.2685592770576477,0.3209109604358673,1.8262263536453247,0.29786214232444763,0.2935313582420349,0.2956809103488922,0.5166015625,0.0,0.3082227110862732,0.27886831760406494,0.29281166195869446,0.35368043184280396,1.8565853357315063,0.2800547182559967,0.2659984230995178,0.27284565567970276,0.6083984375,0.0,0.29613783955574036,0.27876511216163635,0.28718897700309753,0.413359135389328,1.6562327531667855,0.2816925644874573,0.2903662323951721,0.28596365451812744
0.5618315583747937,0.0,0.29202666812237754,0.2760313615360119,0.28372730120783285,0.32113577581016906,1.851851593567919,0.2856631945208582,0.29218046183324864,0.2884198603862954,0.5322265625,0.0,0.27992138266563416,0.2591209411621094,0.26911982893943787,0.3328350782394409,1.8069145376720126,0.2914833128452301,0.2998653054237366,0.29561489820480347,0.560546875,0.0,0.2758966088294983,0.2547679841518402,0.2649116814136505,0.21758437156677246,2.026669181568522,0.2652026414871216,0.3089922070503235,0.28542765974998474,0.533203125,0.0,0.2524564266204834,0.25555992126464844,0.25399869680404663,0.27743270993232727,1.9072938976080522,0.2844220995903015,0.26055908203125,0.27196815609931946,0.5751953125,0.0,0.3371083438396454,0.31166064739227295,0.32388538122177124,0.3734290897846222,1.8500239065715245,0.2727605700492859,0.2785228490829468,0.27561160922050476,0.59765625,0.0,0.30049455165863037,0.2915685772895813,0.2959642708301544,0.3969022333621979,1.6680353549810556,0.31709668040275574,0.30329614877700806,0.31004294753074646
0.5523500296108556,0.0,0.33317339316899375,0.2732315316838773,0.2993961620541822,0.3182363506586069,1.8587062137772559,0.29730786288697536,0.2976580107987964,0.297216536736064,0.5224609375,0.0,0.33966997265815735,0.26945069432258606,0.3005129098892212,0.33432984352111816,1.8043718054181053,0.2968846559524536,0.30411261320114136,0.30045515298843384,0.5673828125,0.0,0.2877355217933655,0.2698906660079956,0.27852755784988403,0.20159858465194702,2.1203545281584835,0.30769234895706177,0.3276054263114929,0.3173367977142334,0.5244140625,0.0,0.3336826264858246,0.2381511926651001,0.2779370844364166,0.26155969500541687,1.9601875906405242,0.2932282090187073,0.2584784924983978,0.2747589945793152,0.5302734375,0.0,0.3899672031402588,0.28978949785232544,0.33249661326408386,0.40035906434059143,1.7927950535501753,0.2840794622898102,0.29128149151802063,0.2876353859901428,0.6083984375,0.0,0.3147851824760437,0.28728312253952026,0.30040600895881653,0.3809293210506439,1.626189613342285,0.30352655053138733,0.29309946298599243,0.2982218861579895
0.5677872760825541,0.0,0.3223775245438898,0.2935051034868309,0.3071751917482668,0.32883424003334955,1.8205589482769196,0.2891426397172052,0.28937863146298126,0.28884750849853585,0.5078125,0.0,0.3067886531352997,0.2707621157169342,0.28765174746513367,0.29995018243789673,1.862813501130967,0.2839824855327606,0.2826255261898041,0.2833023965358734,0.58203125,0.0,0.32566988468170166,0.29251009225845337,0.3082006275653839,0.2486678510904312,1.9679235941927198,0.2880692481994629,0.32298070192337036,0.3045276701450348,0.5703125,0.0,0.27981704473495483,0.276913046836853,0.27835747599601746,0.3029675781726837,1.8287025249522666,0.2721126079559326,0.28306844830513,0.27748245000839233,0.552734375,0.0,0.3368913531303406,0.3073806166648865,0.321460098028183,0.36131060123443604,1.8325583287647793,0.2943270802497864,0.26877114176750183,0.28096920251846313,0.625,0.0,0.3481205105781555,0.3133564889431,0.3298250138759613,0.42739593982696533,1.6002275191820585,0.3016785979270935,0.28596070408821106,0.2936094403266907
0.5778563342229611,0.0,0.3085808571463639,0.28651897466548104,0.296912287543956,0.325234953280545,1.822319940174656,0.29172577923642373,0.305078705297878,0.29670370077400343,0.5517578125,0.0,0.3516959846019745,0.29446902871131897,0.3205483853816986,0.33432984352111816,1.7849393704580883,0.28090646862983704,0.30402475595474243,0.29200872778892517,0.5927734375,0.0,0.2807281017303467,0.2673954665660858,0.2738996148109436,0.2193605750799179,2.013064315621282,0.297279417514801,0.3114403784275055,0.3041951656341553,0.5576171875,0.0,0.2919940650463104,0.27888602018356323,0.28528958559036255,0.2946859896183014,1.8675167171851448,0.29344674944877625,0.4016553461551666,0.3391284644603729,0.556640625,0.0,0.31074953079223633,0.3020681142807007,0.3063473403453827,0.36400359869003296,1.8355466195515224,0.2862358093261719,0.28063517808914185,0.2834078371524811,0.6240234375,0.0,0.30633702874183655,0.2882220149040222,0.29700353741645813,0.4114230275154114,1.6047532888559195,0.30089592933654785,0.2577938139438629,0.27768227458000183
0.5629774164489475,0.0,0.30022805456197454,0.2791530414339101,0.2887716953399998,0.33223354970781926,1.8037189975751224,0.2888173004450309,0.30002511841396023,0.29356608865940914,0.509765625,0.0,0.3384523391723633,0.2714322805404663,0.3012599050998688,0.3139013350009918,1.8204615059353055,0.28176409006118774,0.2924984395503998,0.287030965089798,0.5908203125,0.0,0.27514562010765076,0.2706219553947449,0.27286505699157715,0.23268206417560577,1.9507761236647485,0.28237372636795044,0.34677284955978394,0.3112773597240448,0.568359375,0.0,0.29128924012184143,0.2824179530143738,0.28678497672080994,0.2891649305820465,1.887093748735345,0.2777247726917267,0.28039100766181946,0.2790515422821045,0.525390625,0.0,0.2761520743370056,0.2809634804725647,0.27853700518608093,0.39272889494895935,1.7864420703479222,0.2885738015174866,0.28312763571739197,0.2858247756958008,0.62109375,0.0,0.3226582705974579,0.2917131781578064,0.3064064085483551,0.4235237240791321,1.587314407642071,0.31073516607284546,0.2883734107017517,0.2991369664669037
0.5823551431477824,0.0,0.313273811879483,0.29418968883441254,0.3031383003718949,0.3319336143649118,1.8121818944164119,0.2895545514523566,0.3089658992841372,0.29727001842785494,0.5546875,0.0,0.3442421555519104,0.30352574586868286,0.32260429859161377,0.3393124043941498,1.7830675178103976,0.29095321893692017,0.3075600266456604,0.299026221036911,0.58203125,0.0,0.28771287202835083,0.2699112892150879,0.2785279452800751,0.24555949866771698,1.9811359895786769,0.28617700934410095,0.3339359164237976,0.3082173764705658,0.564453125,0.0,0.2957266569137573,0.29069674015045166,0.2931901216506958,0.283643901348114,1.860469921775486,0.2629390060901642,0.366830438375473,0.3063153624534607,0.5625,0.0,0.34192508459091187,0.3039705753326416,0.32183268666267395,0.39183124899864197,1.7890069569860185,0.29160937666893005,0.2845557928085327,0.2880393862724304,0.6435546875,0.0,0.29244813323020935,0.30348342657089233,0.297863632440567,0.38818973302841187,1.6474250408319326,0.30832844972610474,0.26885414123535156,0.28724145889282227
0.5825413829285214,0.0,0.3244330823835751,0.29966789305201175,0.31145626808579036,0.341331735515542,1.7882501180510941,0.29851659411336157,0.3097841180198027,0.3031520261940444,0.5302734375,0.0,0.32483193278312683,0.29273900389671326,0.30795159935951233,0.33781763911247253,1.7835400369432237,0.28756582736968994,0.3053014874458313,0.29616838693618774,0.625,0.0,0.3030642867088318,0.2888748347759247,0.29579949378967285,0.26598578691482544,1.9032275038705746,0.3027397692203522,0.35520803928375244,0.32688188552856445,0.533203125,0.0,0.2872723340988159,0.2824411392211914,0.2848362326622009,0.28985506296157837,1.8527320234671882,0.2737727165222168,0.3185189366340637,0.2944555878639221,0.55859375,0.0,0.3559146523475647,0.31443455815315247,0.33389121294021606,0.37477558851242065,1.81127781186785,0.3022598922252655,0.28300565481185913,0.2923160493373871,0.6474609375,0.0,0.3394390940666199,0.31431734561920166,0.32639554142951965,0.4269119203090668,1.5974389259631818,0.3178686797618866,0.28737735748291016,0.3018549382686615
0.5786192629943997,0.0,0.3333450482722443,0.2900900803385296,0.30971565464865153,0.34203159015933365,1.7862624706560513,0.30481649389674104,0.31092556726155435,0.307454467230953,0.533203125,0.0,0.3117239773273468,0.27183064818382263,0.2904137074947357,0.33781763911247253,1.7976584472353496,0.31186261773109436,0.3181553781032562,0.3149775564670563,0.5888671875,0.0,0.29199284315109253,0.2737174332141876,0.28255993127822876,0.2690941393375397,1.916994267786053,0.3061838150024414,0.3370358645915985,0.32086992263793945,0.578125,0.0,0.30816879868507385,0.29787662625312805,0.30293530225753784,0.2891649305820465,1.8194106013878533,0.28241947293281555,0.31696486473083496,0.2986966669559479,0.580078125,0.0,0.3718933165073395,0.3215441405773163,0.34489086270332336,0.38958707451820374,1.7824299812316895,0.31048816442489624,0.29573482275009155,0.3029319643974304,0.6103515625,0.0,0.3755076825618744,0.2862996459007263,0.3248912990093231,0.4114230275154114,1.6135748679821307,0.30607303977012634,0.287587434053421,0.2965424358844757
0.5892528513144407,0.0,0.327668098147091,0.3036130939840025,0.31485662202404957,0.34383124113976776,1.7896259412012596,0.3012222473298614,0.3116475337685358,0.306037721461569,0.5478515625,0.0,0.3239913582801819,0.29226210713386536,0.3073098957538605,0.36970603466033936,1.7409622612453641,0.31279194355010986,0.33054450154304504,0.3214232921600342,0.5986328125,0.0,0.3573830723762512,0.3080868422985077,0.3309091031551361,0.23756660521030426,1.9789573222818508,0.2991732954978943,0.31791114807128906,0.30825772881507874,0.5615234375,0.0,0.3210943937301636,0.2798130214214325,0.2990357279777527,0.2539682686328888,1.9348572725835054,0.27193647623062134,0.3066054880619049,0.2882322072982788,0.58203125,0.0,0.3204690217971802,0.3218309283256531,0.321148544549942,0.419658899307251,1.721396393435342,0.2929039001464844,0.3054080605506897,0.299025297164917,0.646484375,0.0,0.31122201681137085,0.3068041205406189,0.3089972734451294,0.4157792925834656,1.602244028678307,0.3217267096042633,0.2967276871204376,0.3087219297885895
0.584132722261113,0.0,0.3407742376193159,0.3199897282981558,0.32670497061717607,0.3481303703764681,1.7815090095469548,0.30860704159443436,0.323846522366326,0.3157959886430097,0.5341796875,0.0,0.40619605779647827,0.28054869174957275,0.33187809586524963,0.36721473932266235,1.7382805252832079,0.315690279006958,0.3316437005996704,0.32347041368484497,0.5849609375,0.0,0.2963857650756836,0.2736187279224396,0.2845475673675537,0.24245116114616394,1.9541873310653257,0.30640894174575806,0.3432696759700775,0.3237936496734619,0.5830078125,0.0,0.28483742475509644,0.28601470589637756,0.2854248583316803,0.29192546010017395,1.8855516599572224,0.29786399006843567,0.3327423930168152,0.3143386244773865,0.5703125,0.0,0.38045164942741394,0.3427634537220001,0.3606255352497101,0.4124775528907776,1.7549287864140102,0.29745155572891235,0.3003578782081604,0.2988976538181305,0.6474609375,0.0,0.322015643119812,0.40811842679977417,0.35999011993408203,0.41481122374534607,1.5909721869688767,0.32368698716163635,0.3141914904117584,0.3188685476779938
0.5961865964391969,0.0,0.3381382320259707,0.3161211567593489,0.3266750351432753,0.34063186797290484,1.796718799458666,0.3096143725251608,0.32065797306804317,0.31431002107126144,0.5576171875,0.0,0.32426074147224426,0.3097003102302551,0.31681329011917114,0.3936223089694977,1.680086711096385,0.30460458993911743,0.34467288851737976,0.32340240478515625,0.6083984375,0.0,0.3329733610153198,0.2979094982147217,0.31446701288223267,0.23889875411987305,1.984279667827445,0.30948296189308167,0.3496123254299164,0.3283259868621826,0.5791015625,0.0,0.33688271045684814,0.3023131489753723,0.3186631202697754,0.2712215185165405,1.8982230917267178,0.2977876663208008,0.29671457409858704,0.2972501516342163,0.62109375,0.0,0.38313227891921997,0.3658198416233063,0.37427595257759094,0.4048473834991455,1.7702561821256364,0.2995051443576813,0.3112010061740875,0.30524107813835144,0.60546875,0.0,0.3096098303794861,0.29829514026641846,0.30384719371795654,0.37947726249694824,1.6629204053145188,0.33382096886634827,0.29275912046432495,0.3119445741176605
0.5870277400588779,0.0,0.3258566355069248,0.2966913518440581,0.3104164044248074,0.3404319217695615,1.786011424567994,0.3090745152157322,0.3160733105754452,0.31244096189135434,0.53515625,0.0,0.3023504912853241,0.2793290913105011,0.2903842329978943,0.3597409129142761,1.7372586632531786,0.31172218918800354,0.32762566208839417,0.3194761276245117,0.5859375,0.0,0.3290253281593323,0.2776568531990051,0.3011663854122162,0.23756660521030426,1.9814044505777493,0.3178909718990326,0.3277043402194977,0.32272306084632874,0.595703125,0.0,0.3099897503852844,0.2803512513637543,0.29442650079727173,0.26915115118026733,1.8821721750756968,0.28679412603378296,0.3027630150318146,0.29456228017807007,0.5849609375,0.0,0.3657754063606262,0.3342783451080322,0.34931832551956177,0.419658899307251,1.7236157383237567,0.30071642994880676,0.30995434522628784,0.30526551604270935,0.634765625,0.0,0.31331667304039,0.3052305281162262,0.30922073125839233,0.39835432171821594,1.6202332826761099,0.3215321898460388,0.3081067204475403,0.31467631459236145
0.6116666184871744,0.0,0.3633180587114325,0.3247930201713881,0.34283471537998983,0.3495301016060931,1.767936120695899,0.30961657590960007,0.32301524624159944,0.3159693031192088,0.5986328125,0.0,0.3812639117240906,0.33162152767181396,0.3547142744064331,0.3731938302516937,1.7313621687510656,0.30098167061805725,0.33246463537216187,0.3159407675266266,0.6083984375,0.0,0.34825652837753296,0.32451650500297546,0.33596765995025635,0.24200710654258728,1.9549265562648503,0.3142460286617279,0.33530011773109436,0.324431836605072,0.63671875,0.0,0.3785512149333954,0.31280940771102905,0.34255459904670715,0.2677708864212036,1.907335789307304,0.3012157082557678,0.3242623805999756,0.3123144507408142,0.5908203125,0.0,0.35952362418174744,0.3319016993045807,0.34516093134880066,0.43043088912963867,1.6894554495811462,0.303779661655426,0.3130515217781067,0.30834588408470154,0.6328125,0.0,0.35571128129959106,0.31919410824775696,0.3364647626876831,0.41384318470954895,1.58650643825531,0.32514524459838867,0.31031516194343567,0.317557156085968
0.5922054403501426,0.0,0.3293595705022096,0.30552021943394486,0.3165512498846483,0.36252748623558867,1.7502234262534537,0.3167414760540734,0.3345322485471625,0.32470243160628337,0.544921875,0.0,0.30596083402633667,0.28536611795425415,0.2953048348426819,0.340807169675827,1.7671209346680414,0.30911603569984436,0.31094107031822205,0.3100258708000183,0.6083984375,0.0,0.36722296476364136,0.30898889899253845,0.3355984389781952,0.28685611486434937,1.882534235296115,0.32025575637817383,0.3828519582748413,0.3487674593925476,0.556640625,0.0,0.33438947796821594,0.292508065700531,0.3120497465133667,0.3423050343990326,1.760583151941714,0.313210666179657,0.3618340790271759,0.3357711732387543,0.583984375,0.0,0.339814156293869,0.3269577920436859,0.33326202630996704,0.38599640130996704,1.7771274719919476,0.3078499734401703,0.2909988462924957,0.2991873025894165,0.654296875,0.0,0.29602184891700745,0.3073255717754364,0.30156782269477844,0.45498546957969666,1.5533063411712646,0.33238354325294495,0.33257851004600525,0.3324809968471527
0.5994179591792089,0.0,0.33709197285127757,0.307290825446109,0.32119199647010044,0.361927616759506,1.7474972673397289,0.3169503429399159,0.32939488786836785,0.32270199263949223,0.552734375,0.0,0.29563289880752563,0.2855003774166107,0.29047831892967224,0.35625311732292175,1.7557825379901462,0.3098272383213043,0.31753069162368774,0.31363165378570557,0.61328125,0.0,0.33817964792251587,0.3013947308063507,0.31872934103012085,0.27264654636383057,1.8993030366763262,0.32110264897346497,0.35420066118240356,0.33684054017066956,0.591796875,0.0,0.3959185481071472,0.31802278757095337,0.3527211844921112,0.3036576807498932,1.8245353776475657,0.3053749203681946,0.35355424880981445,0.32770320773124695,0.5751953125,0.0,0.33440345525741577,0.3107510805130005,0.32214370369911194,0.41427290439605713,1.7123139160020011,0.3108695149421692,0.30180415511131287,0.3062697947025299,0.6611328125,0.0,0.33785074949264526,0.3236359655857086,0.3305906057357788,0.4491771459579468,1.5578869837981004,0.3340200185775757,0.3266911506652832,0.3303149342536926
0.6152358887475624,0.0,0.3503973745254822,0.3301386046534187,0.3398744983952417,0.35722855658644176,1.7371882670079177,0.317444024408276,0.3508932160165543,0.33222285692237946,0.5634765625,0.0,0.33564451336860657,0.308634489774704,0.32157331705093384,0.3627304434776306,1.7299921417993211,0.3160627782344818,0.32075220346450806,0.31839022040367126,0.6376953125,0.0,0.37140506505966187,0.33551937341690063,0.3525514006614685,0.2819715738296509,1.8927975943390751,0.3168146014213562,0.3714168965816498,0.3419497609138489,0.5986328125,0.0,0.32837918400764465,0.3071168065071106,0.3173922896385193,0.32229122519493103,1.7643052080403203,0.30523112416267395,0.34857040643692017,0.32546430826187134,0.5947265625,0.0,0.349957674741745,0.34292834997177124,0.34640735387802124,0.3756732642650604,1.7601331540516445,0.3126668334007263,0.28996989130973816,0.3008909821510315,0.6748046875,0.0,0.3577427864074707,0.34751471877098083,0.352554589509964,0.43852856755256653,1.5307975420585045,0.3331892788410187,0.4251316487789154,0.3735866844654083
0.6291759412189359,0.0,0.3716695418035491,0.3439425098338099,0.3572027138906322,0.3605278895345122,1.7364861086527932,0.3143684557111853,0.3319716363537433,0.32225930941352793,0.5810546875,0.0,0.38064903020858765,0.3488076329231262,0.36403337121009827,0.3527653217315674,1.7650372395439753,0.305471807718277,0.32099848985671997,0.3130427300930023,0.666015625,0.0,0.3977920413017273,0.3650781810283661,0.3807336986064911,0.2819715738296509,1.8543316915001669,0.3145836591720581,0.35228869318962097,0.33237022161483765,0.59375,0.0,0.31190186738967896,0.30275481939315796,0.30726027488708496,0.32574188709259033,1.7602653943974038,0.3017927408218384,0.3760446608066559,0.33485186100006104,0.6259765625,0.0,0.40912336111068726,0.3666996359825134,0.38675156235694885,0.40305206179618835,1.7257366861615862,0.31366580724716187,0.3009862005710602,0.3071952164173126,0.6640625,0.0,0.3359777331352234,0.3205084800720215,0.3280608355998993,0.4322361946105957,1.5752098046816312,0.33235424757003784,0.32298946380615234,0.3276049494743347
0.6011078385950548,0.0,0.33760171957603485,0.31532421288618334,0.32588755936764247,0.3676264775595506,1.7394261416791192,0.3230520633310586,0.3351834084696351,0.3287299455159713,0.5751953125,0.0,0.3824942708015442,0.32986581325531006,0.354235976934433,0.36123567819595337,1.7379322638587347,0.30745992064476013,0.3231397271156311,0.3151049017906189,0.6025390625,0.0,0.301325261592865,0.2921310067176819,0.29665690660476685,0.27397868037223816,1.9061809895743786,0.3218991160392761,0.35997119545936584,0.339872270822525,0.587890625,0.0,0.3020420968532562,0.29551786184310913,0.2987443804740906,0.31815046072006226,1.8065209181412407,0.32650551199913025,0.35230594873428345,0.3389154374599457,0.6103515625,0.0,0.3768559992313385,0.3453536331653595,0.36041775345802307,0.409335732460022,1.7323729838643755,0.3228870928287506,0.3081490993499756,0.31534603238105774,0.6240234375,0.0,0.316119521856308,0.307976633310318,0.3119949698448181,0.4656340777873993,1.5196586682246283,0.3372114896774292,0.33700889348983765,0.33711016178131104
0.6173934673296165,0.0,0.36636484137498904,0.3267757102807609,0.3451934960152043,0.3632273643082606,1.7384151529253447,0.3171737358120055,0.34972372764624304,0.33160343103243384,0.5703125,0.0,0.34089988470077515,0.31166452169418335,0.32562732696533203,0.36671650409698486,1.7126830967645796,0.30623549222946167,0.3289738893508911,0.31719771027565,0.6337890625,0.0,0.3821811079978943,0.31119540333747864,0.3430545926094055,0.2806394398212433,1.9009027497869142,0.3133172392845154,0.3345840573310852,0.3236016035079956,0.5908203125,0.0,0.3646504878997803,0.31854599714279175,0.3400425910949707,0.3471359610557556,1.7584213536718618,0.3076314926147461,0.34307458996772766,0.324387788772583,0.60546875,0.0,0.3831312358379364,0.35371318459510803,0.3678349554538727,0.38240575790405273,1.780442580154964,0.31926941871643066,0.3020053505897522,0.31039750576019287,0.6767578125,0.0,0.35698845982551575,0.33516138792037964,0.3457307517528534,0.44046467542648315,1.526941811121427,0.33643579483032227,0.44250717759132385,0.3822494447231293
0.6209842718698435,0.0,0.3702183783492468,0.3465200386406082,0.3576634399944189,0.3660267957822725,1.7245266708662248,0.3235680083916488,0.33967032430887556,0.33087443958590257,0.6025390625,0.0,0.3782210946083069,0.3388221859931946,0.357439249753952,0.37867462635040283,1.6696475555026342,0.31492385268211365,0.3365270793437958,0.325367271900177,0.6064453125,0.0,0.33678072690963745,0.292197048664093,0.312908798456192,0.2837477922439575,1.9010339471655833,0.32300668954849243,0.38115596771240234,0.3496803641319275,0.6259765625,0.0,0.4204567074775696,0.4326251149177551,0.4264541268348694,0.30779847502708435,1.7937843436780183,0.31855309009552,0.3412412703037262,0.32950711250305176,0.6181640625,0.0,0.3692200183868408,0.36076244711875916,0.3649422228336334,0.4295332133769989,1.6940912297793798,0.3173380494117737,0.3170885145664215,0.3172132074832916,0.654296875,0.0,0.36474859714508057,0.33749204874038696,0.35059136152267456,0.4157792925834656,1.5696882357964148,0.3428128659725189,0.32075396180152893,0.3314167559146881
0.6252669567072103,0.0,0.35824656376386144,0.33211005208516003,0.3445483706695949,0.37002599610016124,1.7240681936793267,0.3222647228048601,0.3542321508311196,0.3364943245444815,0.5546875,0.0,0.32164114713668823,0.3093700110912323,0.31538626551628113,0.3741903305053711,1.695687797334459,0.3213798701763153,0.3273257911205292,0.3243255615234375,0.6298828125,0.0,0.33789005875587463,0.3147355020046234,0.3259020149707794,0.3037300109863281,1.8528047380313066,0.3213921785354614,0.3575822710990906,0.338522732257843,0.634765625,0.0,0.3425463140010834,0.3277589976787567,0.3349895477294922,0.3312629461288452,1.7642698806265127,0.3140105605125427,0.340768963098526,0.3268429934978485,0.6103515625,0.0,0.40734368562698364,0.3531752824783325,0.37833040952682495,0.3945242464542389,1.7571838583265031,0.314098060131073,0.3019748032093048,0.30791711807250977,0.6982421875,0.0,0.37406349182128906,0.3534780442714691,0.36347952485084534,0.4390125870704651,1.5474035336421086,0.3386715352535248,0.44251585006713867,0.38369157910346985
0.6191547858642932,0.0,0.3569235800027764,0.3317487797556391,0.34375844588487875,0.3737252630804377,1.715790716720331,0.3259038421612362,0.37888847740500764,0.3472411319080102,0.556640625,0.0,0.3588986396789551,0.3240049481391907,0.34056034684181213,0.36173394322395325,1.7170394299522278,0.32697248458862305,0.32366064190864563,0.3253081440925598,0.65234375,0.0,0.3762032389640808,0.34138792753219604,0.35795101523399353,0.3001776337623596,1.8623602188808817,0.3235698342323303,0.4759492874145508,0.3852386474609375,0.615234375,0.0,0.3473837375640869,0.3080436587333679,0.32653307914733887,0.3512767553329468,1.7335648510767065,0.3102884888648987,0.3227250874042511,0.31638461351394653,0.619140625,0.0,0.37013906240463257,0.3606024384498596,0.3653085231781006,0.3882405757904053,1.7711134501865933,0.32852980494499207,0.30085617303848267,0.31408461928367615,0.646484375,0.0,0.3264244794845581,0.31426769495010376,0.32023075222969055,0.4656340777873993,1.4826859455842238,0.3355298936367035,0.4502815306186676,0.38452714681625366
0.6366633761375569,0.0,0.3872412359263278,0.35357757501259074,0.36958515366152933,0.37112577917146294,1.7219923953374279,0.32769300957735337,0.35858685813339153,0.3408931455202661,0.5947265625,0.0,0.4013800621032715,0.354819118976593,0.37666618824005127,0.37518686056137085,1.705869335976858,0.32116931676864624,0.3349616527557373,0.327920526266098,0.6259765625,0.0,0.37077826261520386,0.3494296669960022,0.3597875237464905,0.2486678510904312,1.9566098552354625,0.3269016146659851,0.44035330414772034,0.3752395510673523,0.6865234375,0.0,0.3851655125617981,0.3544350266456604,0.36916184425354004,0.30986887216567993,1.8118927815686101,0.3211260139942169,0.370968759059906,0.3442526161670685,0.62109375,0.0,0.39747390151023865,0.36900442838668823,0.38271045684814453,0.4506283700466156,1.6383903452328272,0.3317178189754486,0.3301694393157959,0.3309417963027954,0.6708984375,0.0,0.38186827301979065,0.33965471386909485,0.3595266044139862,0.4578896462917328,1.509020550434406,0.33515843749046326,0.31437116861343384,0.3244321942329407
0.6284698512269363,0.0,0.37504866991950797,0.3416969912237773,0.3573711838917265,0.3731253765012426,1.7058210738714665,0.32639514674689385,0.373048794276117,0.3460656482591507,0.59375,0.0,0.3527563512325287,0.3299383819103241,0.34096604585647583,0.35924264788627625,1.72394611532726,0.3197091221809387,0.3188524842262268,0.3192802369594574,0.619140625,0.0,0.38800621032714844,0.32485803961753845,0.35363516211509705,0.2837477922439575,1.8592536046471395,0.32286375761032104,0.45540133118629456,0.3778470456600189,0.5791015625,0.0,0.3389068841934204,0.3268785774707794,0.33278408646583557,0.3602484464645386,1.7207905883374421,0.30672723054885864,0.3577834665775299,0.3302939534187317,0.634765625,0.0,0.4015297293663025,0.36214929819107056,0.38082414865493774,0.3954218924045563,1.7308365821838378,0.3290429413318634,0.30411940813064575,0.3160906136035919,0.7001953125,0.0,0.37936410307884216,0.3598097860813141,0.3693282902240753,0.469022274017334,1.483491743527926,0.3476783335208893,0.42097145318984985,0.3808304965496063
0.6265863097842392,0.0,0.38798263209886247,0.34184147257126296,0.36236526799908914,0.38372325964258613,1.6915372081947861,0.3292710556432834,0.36162414551794325,0.3439586657246359,0.6064453125,0.0,0.3716338872909546,0.3358750343322754,0.3528507947921753,0.37817639112472534,1.6894631650712755,0.3236047625541687,0.33176857233047485,0.32763582468032837,0.6259765625,0.0,0.4471500515937805,0.32590657472610474,0.37702059745788574,0.30239787697792053,1.8512724352554537,0.3292102813720703,0.3768662214279175,0.3514300286769867,0.6328125,0.0,0.3657858371734619,0.3456830382347107,0.35545045137405396,0.32919254899024963,1.7300939663596775,0.30503326654434204,0.35576900839805603,0.3284534215927124,0.5830078125,0.0,0.34538835287094116,0.33981478214263916,0.3425788879394531,0.426840215921402,1.6720137783459255,0.3334335386753082,0.31859415769577026,0.32584497332572937,0.689453125,0.0,0.4008687138557434,0.36450132727622986,0.38182103633880615,0.46950629353523254,1.5134483080643875,0.34735220670700073,0.42452341318130493,0.382080078125
0.6170651794308465,0.0,0.3537031973807286,0.33025502583057714,0.341484435023746,0.3773245359391981,1.7020718238646235,0.324395453168902,0.37034182462053905,0.343634553758699,0.5849609375,0.0,0.3454362750053406,0.32696011662483215,0.33594435453414917,0.36970603466033936,1.7285015072141374,0.31928756833076477,0.32700055837631226,0.3230980336666107,0.6376953125,0.0,0.3451080322265625,0.32872819900512695,0.3367190361022949,0.28952041268348694,1.8766594772607508,0.3277888596057892,0.4694787859916687,0.3860432803630829,0.60546875,0.0,0.3974635601043701,0.34716203808784485,0.37061381340026855,0.28847479820251465,1.8241606458373691,0.29731911420822144,0.3890373408794403,0.33705005049705505,0.6044921875,0.0,0.37207597494125366,0.34280508756637573,0.3568412959575653,0.437163382768631,1.6431510193007333,0.32355064153671265,0.31995710730552673,0.3217438757419586,0.6474609375,0.0,0.3206135630607605,0.309734046459198,0.315079927444458,0.47821879386901855,1.464004582625169,0.3455597460269928,0.3456065058708191,0.34558311104774475
0.6340001082085355,0.0,0.3659583479441716,0.34731004983551816,0.35632640135586874,0.37332533097903603,1.7154176464475144,0.32536911603284585,0.35778822056342785,0.3400566189396598,0.5849609375,0.0,0.3626319468021393,0.3406287431716919,0.3512861430644989,0.3687095046043396,1.696405740011306,0.3135147988796234,0.3254363238811493,0.3193643391132355,0.6396484375,0.0,0.35527101159095764,0.34473752975463867,0.34992504119873047,0.2992895245552063,1.8659087805680825,0.3315412104129791,0.3909686803817749,0.35881099104881287,0.6591796875,0.0,0.37948018312454224,0.35507795214653015,0.36687377095222473,0.3505866229534149,1.7514028808344966,0.3128218352794647,0.3496570885181427,0.3302153944969177,0.5947265625,0.0,0.36969512701034546,0.3381509482860565,0.3532201945781708,0.37522441148757935,1.7680603163582937,0.3210878372192383,0.30319589376449585,0.3118854761123657,0.7001953125,0.0,0.36733105778694153,0.3610381484031677,0.36415740847587585,0.4724104404449463,1.4878379702568054,0.3435742259025574,0.41762441396713257,0.3769974708557129
0.6406487316553328,0.0,0.39162921887039215,0.3599200359841777,0.37481144642858505,0.38492301297745596,1.6923022981388214,0.3298980290771508,0.3721799230431347,0.34870527013972435,0.5888671875,0.0,0.3766544759273529,0.34189048409461975,0.35843151807785034,0.3821624219417572,1.682348202145289,0.3294750154018402,0.3417949676513672,0.335521936416626,0.6533203125,0.0,0.4222240447998047,0.3655770421028137,0.39186394214630127,0.30950266122817993,1.853570929715331,0.3298110067844391,0.3983460068702698,0.3608532249927521,0.6376953125,0.0,0.36781376600265503,0.3235032856464386,0.3442384600639343,0.3264320194721222,1.7736824232599009,0.31143638491630554,0.3488747775554657,0.3290942311286926,0.59765625,0.0,0.35714149475097656,0.36165741086006165,0.35938525199890137,0.4160682260990143,1.6850784863744463,0.3312959372997284,0.32024192810058594,0.3256751596927643,0.7255859375,0.0,0.42671817541122437,0.394928514957428,0.4102083742618561,0.47725072503089905,1.476898505137517,0.34184446930885315,0.44553112983703613,0.38686075806617737
0.6448941587704385,0.0,0.37259646997290125,0.361804514761251,0.36692044631863446,0.38522296167211373,1.696273719542597,0.3308146941026576,0.3444720125572607,0.337249438313574,0.6064453125,0.0,0.3753189742565155,0.35881003737449646,0.3668788969516754,0.3731938302516937,1.6827252573437161,0.3203270733356476,0.3340739607810974,0.3270561099052429,0.6611328125,0.0,0.37735024094581604,0.3742973804473877,0.3758176267147064,0.30817052721977234,1.8866173549437186,0.33541008830070496,0.36530181765556335,0.3497183918952942,0.595703125,0.0,0.3671407997608185,0.3233581781387329,0.34386146068573,0.3595583140850067,1.720486861208211,0.32589709758758545,0.36741143465042114,0.34541136026382446,0.634765625,0.0,0.3614964485168457,0.3717808723449707,0.36656653881073,0.39901256561279297,1.7052567311695643,0.3234609067440033,0.3092835545539856,0.3162133991718292,0.7099609375,0.0,0.38056448101997375,0.3672899603843689,0.3738093972206116,0.48402711749076843,1.4752857740108782,0.3473730981349945,0.3537270128726959,0.3505212664604187
0.6382913872256113,0.0,0.3690014628983955,0.34686881766491423,0.3574854084906432,0.3797240581745578,1.6877309481854141,0.32902610135707727,0.36823050628910303,0.34540672885420515,0.6064453125,0.0,0.37735384702682495,0.35316210985183716,0.36485740542411804,0.38664674758911133,1.6253450068216475,0.3171840310096741,0.331998348236084,0.324422150850296,0.6748046875,0.0,0.3484061360359192,0.3420541286468506,0.34520092606544495,0.2850799262523651,1.8821168550303284,0.32411593198776245,0.47049054503440857,0.38382139801979065,0.6259765625,0.0,0.40536147356033325,0.35731878876686096,0.37982696294784546,0.3388543725013733,1.7474905071051225,0.32042622566223145,0.35471484065055847,0.33669981360435486,0.61328125,0.0,0.37501993775367737,0.34746596217155457,0.3607175350189209,0.409335732460022,1.6971765450068883,0.32581645250320435,0.3142346441745758,0.31992074847221375,0.6650390625,0.0,0.3513552248477936,0.33803218603134155,0.34456494450569153,0.47289448976516724,1.4843500825075002,0.35537511110305786,0.35967063903808594,0.357509970664978
0.640531098820566,0.0,0.38299902179484496,0.3536706571683531,0.36759517369756006,0.3921215688376588,1.681725598015731,0.33747599581567506,0.3489790125426901,0.34258968867115724,0.609375,0.0,0.3347242474555969,0.3225066065788269,0.3285018801689148,0.366218239068985,1.7324017513365972,0.3348049223423004,0.330427348613739,0.33260172605514526,0.646484375,0.0,0.4147258698940277,0.3705074191093445,0.39137163758277893,0.32238009572029114,1.8354858630140063,0.34721753001213074,0.3804122507572174,0.3630577027797699,0.634765625,0.0,0.4070180058479309,0.3622817099094391,0.38334912061691284,0.37129053473472595,1.697456834108933,0.31911134719848633,0.3802318274974823,0.34700068831443787,0.6318359375,0.0,0.414165198802948,0.37273135781288147,0.3923574388027191,0.416517049074173,1.6824349761009216,0.3348705470561981,0.3138786256313324,0.3240349590778351,0.677734375,0.0,0.3448737859725952,0.33900678157806396,0.3419151306152344,0.48160696029663086,1.4530952921280493,0.345142126083374,0.3486711084842682,0.3468976616859436
0.6554895127568878,0.0,0.4098459664145269,0.3718371048150191,0.38957757272895105,0.3946210734607267,1.674425091372462,0.34123539025963273,0.36199865901536926,0.35062853436879077,0.6142578125,0.0,0.42580342292785645,0.354477196931839,0.3868803083896637,0.38315895199775696,1.685541035637023,0.3309730291366577,0.34091901779174805,0.3358724117279053,0.6494140625,0.0,0.3993374705314636,0.3798190653324127,0.3893337845802307,0.3285968005657196,1.7981503933248386,0.33647897839546204,0.4028821587562561,0.36669865250587463,0.6611328125,0.0,0.40989476442337036,0.36816075444221497,0.3879084587097168,0.37129053473472595,1.6942560102628625,0.3376367688179016,0.37752941250801086,0.3564704656600952,0.6455078125,0.0,0.3897169828414917,0.38057059049606323,0.3850894868373871,0.4088868796825409,1.718999855858939,0.34261733293533325,0.3181498944759369,0.3299306333065033,0.708984375,0.0,0.42746877670288086,0.3731634020805359,0.39847439527511597,0.4787028133869171,1.4667839215351985,0.35742291808128357,0.3743065893650055,0.36566996574401855
0.6425787109667983,0.0,0.3841008689530021,0.36399286903585876,0.37346857273553014,0.3971205744218216,1.6662222356344594,0.34121163685818573,0.4015783331163453,0.36644100410786656,0.595703125,0.0,0.37783461809158325,0.34185880422592163,0.3589475452899933,0.3931240737438202,1.6457873677450514,0.32581984996795654,0.3379690945148468,0.3317832946777344,0.6435546875,0.0,0.4032113552093506,0.38738054037094116,0.3951374590396881,0.3112788498401642,1.865215283044627,0.3426379859447479,0.4885105490684509,0.4027734398841858,0.6337890625,0.0,0.4065576493740082,0.34877893328666687,0.3754584491252899,0.3243616223335266,1.779838758966197,0.33157822489738464,0.47661861777305603,0.39108380675315857,0.6533203125,0.0,0.3812141716480255,0.39022570848464966,0.3856672942638397,0.4470376968383789,1.6160651854106358,0.3375050127506256,0.325838178396225,0.33156898617744446,0.681640625,0.0,0.3567282259464264,0.3423815667629242,0.3494076728820801,0.49177154898643494,1.4435697683921227,0.36536282300949097,0.39766162633895874,0.3808286190032959
0.6455724153395169,0.0,0.4030532699220448,0.3680876360588583,0.38433460322068486,0.39802040039324993,1.6652323009428631,0.3413978251063378,0.39620305219368324,0.3650824148114789,0.5595703125,0.0,0.37141066789627075,0.3206593990325928,0.34417417645454407,0.38315895199775696,1.682424505551656,0.3269830048084259,0.33546191453933716,0.33116817474365234,0.6396484375,0.0,0.36448031663894653,0.3505743443965912,0.3573921024799347,0.3463588058948517,1.785606389314356,0.33519765734672546,0.4141976833343506,0.37053364515304565,0.654296875,0.0,0.49495935440063477,0.4000612795352936,0.44247934222221375,0.35748791694641113,1.7021811474924502,0.3351147770881653,0.4412597715854645,0.3809312582015991,0.68359375,0.0,0.43793368339538574,0.4119032323360443,0.424519807100296,0.43087971210479736,1.6647176010268074,0.34738174080848694,0.3292465806007385,0.3380711078643799,0.6884765625,0.0,0.3738000988960266,0.36359602212905884,0.3686274588108063,0.46176186203956604,1.4919606025402363,0.36011287569999695,0.47620081901550293,0.4100998044013977
0.6723597898644932,0.0,0.4335175456747519,0.37841140095684145,0.4036989126290564,0.3950209870466683,1.6646691480725302,0.3369769258657424,0.35795041942591665,0.3462333357487886,0.6123046875,0.0,0.4374738335609436,0.3564089238643646,0.39280256628990173,0.3856502175331116,1.673776390060546,0.3242069482803345,0.3254459500312805,0.324825257062912,0.6806640625,0.0,0.4459719657897949,0.368661105632782,0.4036480188369751,0.35257548093795776,1.7674008708604625,0.3421417772769928,0.40599146485328674,0.3713419735431671,0.6318359375,0.0,0.36493057012557983,0.3562031090259552,0.3605140149593353,0.3547273874282837,1.7289383489152659,0.32658475637435913,0.401772677898407,0.36029791831970215,0.6669921875,0.0,0.4303131699562073,0.3972509503364563,0.41312164068222046,0.41023337841033936,1.6713423456464496,0.3316609859466553,0.3141269087791443,0.32265588641166687,0.755859375,0.0,0.4676353335380554,0.40567079186439514,0.4344547390937805,0.4622458815574646,1.491569423675537,0.3567737638950348,0.3536853492259979,0.3552228510379791
0.6448533364168209,0.0,0.39354944965578187,0.35992938727758855,0.3758050837086537,0.39282144240214095,1.6692620349564518,0.336063063962892,0.3743694949641129,0.3521081440164146,0.625,0.0,0.426424115896225,0.36721304059028625,0.3946097791194916,0.39760836958885193,1.6285607549879286,0.30953267216682434,0.3298460841178894,0.3193666636943817,0.6494140625,0.0,0.3614395260810852,0.34176263213157654,0.35132578015327454,0.3285968005657196,1.8171518688470545,0.3446308374404907,0.4061548113822937,0.372871994972229,0.669921875,0.0,0.4453750252723694,0.3906014561653137,0.4161938428878784,0.31677019596099854,1.796977955362071,0.3295416831970215,0.4953336715698242,0.3957763612270355,0.6240234375,0.0,0.397775262594223,0.3653898239135742,0.38089537620544434,0.4501795470714569,1.602952061380659,0.3313763439655304,0.3339347839355469,0.33265066146850586,0.6640625,0.0,0.3557182252407074,0.34526363015174866,0.3504129648208618,0.4496611952781677,1.5295320327465352,0.3621247112751007,0.3417409360408783,0.35163766145706177
0.6640623046777339,0.0,0.41096626241729645,0.36829572144708217,0.3877769474241339,0.39462107947065317,1.6703337175397208,0.3411100034212213,0.38223393458088645,0.35891706447164146,0.62890625,0.0,0.401151180267334,0.37821727991104126,0.38934680819511414,0.3856502175331116,1.6530620257059734,0.32121866941452026,0.3311072289943695,0.326088011264801,0.685546875,0.0,0.481638103723526,0.37231069803237915,0.41997602581977844,0.31838366389274597,1.8817574524543654,0.3414718508720398,0.4006690979003906,0.368709534406662,0.63671875,0.0,0.3523847460746765,0.33053287863731384,0.3411092162132263,0.3492063581943512,1.7090762490811555,0.3416000008583069,0.49860453605651855,0.40543296933174133,0.6220703125,0.0,0.3775002062320709,0.3536621928215027,0.36519259214401245,0.4335727095603943,1.6099552869796754,0.3370746374130249,0.3294203281402588,0.33320352435112,0.7392578125,0.0,0.42062634229660034,0.39653319120407104,0.40822458267211914,0.47628268599510193,1.4945947289466859,0.36404699087142944,0.38714343309402466,0.37524014711380005
0.6558161404163958,0.0,0.40453410974037196,0.3827285414678144,0.3928563781240963,0.39762046929300604,1.6580232372731352,0.34322455663355417,0.38471864018469326,0.3603382056425915,0.5673828125,0.0,0.370103657245636,0.33589601516723633,0.3521710932254791,0.38614848256111145,1.6522455688506839,0.3338199555873871,0.32301780581474304,0.32833003997802734,0.6943359375,0.0,0.42511582374572754,0.42972713708877563,0.4274090528488159,0.33392539620399475,1.802180098815703,0.33690258860588074,0.40955930948257446,0.36969494819641113,0.6572265625,0.0,0.4464235305786133,0.36642664670944214,0.4024886190891266,0.37336093187332153,1.697157903857853,0.3419674038887024,0.5157372355461121,0.411249577999115,0.64453125,0.0,0.4026636481285095,0.38745513558387756,0.3949130177497864,0.38868939876556396,1.6964704956327166,0.334115207195282,0.3103603422641754,0.32179996371269226,0.7109375,0.0,0.38820526003837585,0.38333478569984436,0.38575464487075806,0.5048402547836304,1.4375914390270526,0.3699570596218109,0.4058787226676941,0.38708633184432983
0.6630506818309665,0.0,0.42787955601284866,0.3728509053265287,0.3979012983457119,0.39962007992388227,1.6570464494806674,0.3408663928526636,0.3920755946613555,0.362653486053721,0.6083984375,0.0,0.405210018157959,0.3453630208969116,0.3729005455970764,0.3951171040534973,1.6444637832187472,0.3255963921546936,0.33349189162254333,0.3294968605041504,0.689453125,0.0,0.38341206312179565,0.35597556829452515,0.3691847622394562,0.3157193660736084,1.8501682969885813,0.3372400999069214,0.4927078187465668,0.4004126787185669,0.646484375,0.0,0.4539565443992615,0.3980101943016052,0.424146443605423,0.32022082805633545,1.7887006920316946,0.3286444842815399,0.39014047384262085,0.3567618429660797,0.634765625,0.0,0.40263691544532776,0.380889892578125,0.39146164059638977,0.444344699382782,1.6027972255434308,0.3356960415840149,0.3307201564311981,0.3331895172595978,0.7294921875,0.0,0.5073202848434448,0.3916480541229248,0.4420422613620758,0.5029041767120361,1.424928000340095,0.37380075454711914,0.4068179130554199,0.38961106538772583
0.6710698327885144,0.0,0.41133240675370664,0.3845208718261812,0.3971629411099857,0.401219754436807,1.6646761140375272,0.3446810213006084,0.39232655779239395,0.36493409437981633,0.6455078125,0.0,0.432503879070282,0.3702705502510071,0.3989749550819397,0.40757349133491516,1.6235346983349512,0.32852476835250854,0.3494752049446106,0.3386763036251068,0.6640625,0.0,0.41677170991897583,0.41301852464675903,0.4148866534233093,0.2935168743133545,1.919956860407977,0.3381856083869934,0.49091029167175293,0.40048152208328247,0.6474609375,0.0,0.4009716510772705,0.35731056332588196,0.3778841197490692,0.32022082805633545,1.8036061732665352,0.343487948179245,0.40231508016586304,0.3705814778804779,0.640625,0.0,0.38834333419799805,0.3803195655345917,0.38428956270217896,0.45960503816604614,1.5765229957444327,0.3406071066856384,0.33999714255332947,0.34030184149742126,0.7529296875,0.0,0.4168868958950043,0.3909100592136383,0.40348079800605774,0.5062923431396484,1.4240052874271687,0.3726862072944641,0.37592223286628723,0.37429720163345337
0.6693264350717536,0.0,0.4039055653047941,0.3796412428964215,0.3913828270859382,0.3970205910359352,1.6695567416372739,0.3419289775721623,0.40696845515457014,0.3686716175215217,0.6181640625,0.0,0.38209694623947144,0.3551032543182373,0.3681058883666992,0.3986048698425293,1.6488686005274455,0.32302942872047424,0.339029997587204,0.33083635568618774,0.6826171875,0.0,0.4106866717338562,0.38543540239334106,0.39766058325767517,0.3112788498401642,1.8619808546254333,0.33982527256011963,0.5037462711334229,0.4058593809604645,0.6533203125,0.0,0.41220220923423767,0.38137656450271606,0.39619070291519165,0.340234637260437,1.7834695422131082,0.34437674283981323,0.5012568235397339,0.40826475620269775,0.6611328125,0.0,0.4068886339664459,0.38317614793777466,0.3946765065193176,0.43491920828819275,1.6209582209587097,0.3424343466758728,0.33680468797683716,0.3395961821079254,0.724609375,0.0,0.40867143869400024,0.39213964343070984,0.4002349078655243,0.4878993332386017,1.4524221108509945,0.36032015085220337,0.3770119547843933,0.36847710609436035
0.667467064759488,0.0,0.4340933247565436,0.3777221704660115,0.40203352467352954,0.40681863780725813,1.6472442928925515,0.3452301139123343,0.37195572228139456,0.35648365158470746,0.5595703125,0.0,0.362504243850708,0.3282927870750427,0.34455135464668274,0.3846537172794342,1.6728857907037886,0.3263711929321289,0.3312687873840332,0.3288017511367798,0.681640625,0.0,0.43072375655174255,0.3936421275138855,0.41134893894195557,0.3592362403869629,1.7838725422469663,0.3486626148223877,0.44930630922317505,0.39263761043548584,0.677734375,0.0,0.609969973564148,0.39490291476249695,0.4794216752052307,0.38923394680023193,1.6634590392527373,0.3385021984577179,0.4143888056278229,0.3726210296154022,0.681640625,0.0,0.4285655617713928,0.39322179555892944,0.41013363003730774,0.4120287299156189,1.636653619153159,0.34804683923721313,0.32302141189575195,0.335067480802536,0.734375,0.0,0.3899924159049988,0.37963834404945374,0.384745717048645,0.4869312644004822,1.4734551108800449,0.36149001121520996,0.3501770496368408,0.3557435870170593
0.6684533445422272,0.0,0.41298641659115615,0.3888944997370937,0.40018085190383035,0.40751849525786715,1.6482804859742863,0.34548974509144803,0.38951585808769984,0.3633425252195883,0.619140625,0.0,0.4249233305454254,0.3646240234375,0.3924711048603058,0.4090682566165924,1.6130619749190316,0.3314551115036011,0.3478665053844452,0.339462548494339,0.66796875,0.0,0.4236466884613037,0.3908498287200928,0.40658795833587646,0.33525756001472473,1.8213831689995779,0.3411412835121155,0.5162346959114075,0.410809189081192,0.6826171875,0.0,0.4152963161468506,0.38987892866134644,0.40218645334243774,0.33954450488090515,1.7695067602655161,0.34242719411849976,0.3688034117221832,0.3551262319087982,0.673828125,0.0,0.41230273246765137,0.39256051182746887,0.4021895229816437,0.4438958764076233,1.6006156546728951,0.3438912034034729,0.3318130373954773,0.33774417638778687,0.701171875,0.0,0.3888853192329407,0.40570250153541565,0.39711594581604004,0.4932236075401306,1.460185946868016,0.367735356092453,0.36860281229019165,0.3681686222553253
0.679993325838167,0.0,0.41675011866467854,0.3920168512117518,0.40391315923725896,0.41521695798824987,1.6300824248544523,0.34697602137139594,0.38699332920104784,0.36378922727472235,0.654296875,0.0,0.46580490469932556,0.4169096052646637,0.44000303745269775,0.3851519823074341,1.686853397460211,0.3365611433982849,0.33813053369522095,0.3373440206050873,0.693359375,0.0,0.3903876841068268,0.3705020248889923,0.38018500804901123,0.3614564836025238,1.7225957588410714,0.3452833294868469,0.4296841621398926,0.38288775086402893,0.669921875,0.0,0.39271146059036255,0.38676127791404724,0.38971367478370667,0.39406487345695496,1.657775570517001,0.3403449058532715,0.49433284997940063,0.40313440561294556,0.673828125,0.0,0.43461519479751587,0.40738287568092346,0.4205586612224579,0.4295332133769989,1.6434074282646178,0.3464092016220093,0.32552504539489746,0.33564257621765137,0.7041015625,0.0,0.39540690183639526,0.37839454412460327,0.3867137134075165,0.5024201273918152,1.4402978915434617,0.3642005920410156,0.3789314925670624,0.3714200258255005
0.6907811699178709,0.0,0.44369288686931335,0.4126062988176889,0.427432260892887,0.41011798125258736,1.6389243246914225,0.34804690188704623,0.3878496053415021,0.3650777112797627,0.6357421875,0.0,0.4369867742061615,0.4042372703552246,0.41997450590133667,0.425012469291687,1.60372793674469,0.33107489347457886,0.35213637351989746,0.341280996799469,0.65625,0.0,0.3778995871543884,0.34821030497550964,0.3624480068683624,0.3321492075920105,1.769544221985508,0.34816092252731323,0.49080953001976013,0.4073581099510193,0.6796875,0.0,0.41660308837890625,0.4028635621070862,0.4096181392669678,0.3029675781726837,1.8140893034313037,0.33273816108703613,0.35942915081977844,0.34556904435157776,0.703125,0.0,0.44480568170547485,0.43321162462234497,0.4389320909976959,0.4829443395137787,1.5707023756844656,0.3516048491001129,0.3512282967567444,0.3514164686203003,0.7763671875,0.0,0.5397180914878845,0.4755418300628662,0.5056015849113464,0.47725072503089905,1.4814546199945302,0.37130987644195557,0.3697393536567688,0.37052294611930847
0.6612817457279114,0.0,0.41626291687300554,0.3825183087983449,0.3985989229149434,0.4094181144518796,1.631329802842757,0.3436829310891581,0.3674325616812377,0.3544352584285894,0.603515625,0.0,0.39000067114830017,0.3485873341560364,0.36813297867774963,0.39212754368782043,1.6356889652827429,0.31810444593429565,0.3356662392616272,0.3266494572162628,0.6904296875,0.0,0.4323195815086365,0.398425817489624,0.41468125581741333,0.3530195355415344,1.7525720529153312,0.34632402658462524,0.42576688528060913,0.38195839524269104,0.630859375,0.0,0.44599348306655884,0.417105495929718,0.4310660660266876,0.36991026997566223,1.6769959226898525,0.3449365794658661,0.380555123090744,0.36187148094177246,0.6748046875,0.0,0.4488282799720764,0.4005652964115143,0.4233255982398987,0.4398563802242279,1.6039430158478873,0.34426814317703247,0.3311808109283447,0.33759769797325134,0.6923828125,0.0,0.3683169186115265,0.35443881154060364,0.3612446188926697,0.48257502913475037,1.492443630328545,0.3641417324542999,0.3645963668823242,0.3643689453601837
0.6713054891025801,0.0,0.4211857003866777,0.37683592481227857,0.3972070405790702,0.40891821720294536,1.6409979076240284,0.33994817514165454,0.39779714439373404,0.3642511568833913,0.6455078125,0.0,0.4345168173313141,0.37896728515625,0.4048454463481903,0.39661186933517456,1.6306996118454706,0.31324198842048645,0.33006447553634644,0.32143327593803406,0.7099609375,0.0,0.4927970767021179,0.39189186692237854,0.43658995628356934,0.33525756001472473,1.786420014542593,0.3507426381111145,0.527076244354248,0.4211987555027008,0.640625,0.0,0.3658124804496765,0.3512949049472809,0.3584067225456238,0.31815046072006226,1.8173055000927136,0.3308723568916321,0.4025551676750183,0.3632107377052307,0.638671875,0.0,0.4122696816921234,0.3909613788127899,0.40133288502693176,0.4537701904773712,1.6219054017748151,0.3411688506603241,0.33847635984420776,0.3398172855377197,0.7109375,0.0,0.37860631942749023,0.3610251545906067,0.36960676312446594,0.5164569020271301,1.3894231236897983,0.3591744005680084,0.38331276178359985,0.37085121870040894
0.6809823889631982,0.0,0.42958253008245534,0.40013848303186816,0.4140287366793915,0.40551890074980307,1.643774553932827,0.3423222540301386,0.3917085689244283,0.363235767997043,0.603515625,0.0,0.40342146158218384,0.3610611855983734,0.38106775283813477,0.39760836958885193,1.6402183808977642,0.32783058285713196,0.3442499041557312,0.3358396589756012,0.701171875,0.0,0.4799927771091461,0.41541677713394165,0.4453761875629425,0.3130550682544708,1.8218724962691186,0.34219878911972046,0.49857431650161743,0.40584442019462585,0.6572265625,0.0,0.36615508794784546,0.3606821894645691,0.3633980453014374,0.3367839753627777,1.7843189809633337,0.3462167978286743,0.41401776671409607,0.3770938813686371,0.708984375,0.0,0.44886571168899536,0.4256977438926697,0.4369748532772064,0.4569120407104492,1.604050806590489,0.33940261602401733,0.33304357528686523,0.3361930251121521,0.720703125,0.0,0.4237225651741028,0.4215514659881592,0.4226342439651489,0.5067763924598694,1.3973642477622399,0.3569517731666565,0.36894354224205017,0.3628486096858978
0.688088652479499,0.0,0.4292667172608885,0.40737618455660807,0.41781693456906,0.40831833543586293,1.6507927495473327,0.34954352313054843,0.3993870580739866,0.37086413409192187,0.638671875,0.0,0.4505035877227783,0.40692099928855896,0.42760464549064636,0.416542112827301,1.6028943213205489,0.33244162797927856,0.3552513122558594,0.34346818923950195,0.6787109375,0.0,0.4261113703250885,0.43515291810035706,0.43058469891548157,0.31749555468559265,1.8856236095159826,0.35154131054878235,0.5082027912139893,0.41559872031211853,0.66796875,0.0,0.3880612254142761,0.37679994106292725,0.3823476731777191,0.32367148995399475,1.78794380892878,0.34445077180862427,0.400542676448822,0.370385080575943,0.7041015625,0.0,0.4369974136352539,0.4091673791408539,0.42262470722198486,0.47980251908302307,1.5479547994477407,0.35522159934043884,0.3595562279224396,0.3573758006095886,0.7431640625,0.0,0.4326205253601074,0.39704394340515137,0.4140694737434387,0.48160696029663086,1.4560609569916358,0.361427903175354,0.3657936453819275,0.36359769105911255
0.6816518560303015,0.0,0.4347252270163128,0.3973948204733144,0.4149838553690256,0.41701659172254907,1.6233384813966387,0.35441566314239115,0.3925726981854062,0.37025634448031525,0.6025390625,0.0,0.41924142837524414,0.37875300645828247,0.3979700803756714,0.4170403480529785,1.5760311531642126,0.3364659547805786,0.35577115416526794,0.34584933519363403,0.712890625,0.0,0.4792204797267914,0.405952513217926,0.43955421447753906,0.35257548093795776,1.7930419344297597,0.3511136770248413,0.5058716535568237,0.4145192503929138,0.642578125,0.0,0.40958482027053833,0.379170686006546,0.3937913477420807,0.3788819909095764,1.6675500273704529,0.36485669016838074,0.380148708820343,0.37234577536582947,0.6806640625,0.0,0.42517513036727905,0.4013062119483948,0.4128960072994232,0.4510771930217743,1.5751784648214067,0.3484463393688202,0.3395322859287262,0.34393155574798584,0.7529296875,0.0,0.4291919767856598,0.4147380292415619,0.42184123396873474,0.47725072503089905,1.5052414912443894,0.37456655502319336,0.3707371950149536,0.37264204025268555
0.6921257683977949,0.0,0.4377622033165147,0.4034624484781802,0.41985504991668804,0.41431713380460333,1.6399405642858529,0.34937548561707377,0.3946081322745022,0.3692592438865342,0.6396484375,0.0,0.40743374824523926,0.37943610548973083,0.3929368257522583,0.41305431723594666,1.631889197561476,0.33172520995140076,0.3445374667644501,0.3380099833011627,0.7041015625,0.0,0.47388309240341187,0.418921560049057,0.4447106122970581,0.3312610983848572,1.8324428242696842,0.358818382024765,0.48903799057006836,0.41392815113067627,0.6611328125,0.0,0.4255301356315613,0.39567604660987854,0.41006040573120117,0.32574188709259033,1.7637741125148276,0.33528581261634827,0.39934661984443665,0.36452314257621765,0.69921875,0.0,0.4551223814487457,0.4251571297645569,0.4396297037601471,0.479353666305542,1.5534963914326259,0.34756916761398315,0.34771236777305603,0.3476407527923584,0.744140625,0.0,0.4177114963531494,0.39201945066452026,0.4044578969478607,0.4980638921260834,1.4443001041045556,0.3680585026741028,0.3875672221183777,0.3775610327720642
0.6852201008487925,0.0,0.4399758210908926,0.4034748074740039,0.42045408018058916,0.41121775590641646,1.6328749765749742,0.3479704657177333,0.4124709988231541,0.37445658227844825,0.623046875,0.0,0.44000500440597534,0.37995675206184387,0.40778210759162903,0.4170403480529785,1.6127679991343664,0.33484548330307007,0.35390931367874146,0.3441135585308075,0.6875,0.0,0.48895031213760376,0.4130779802799225,0.4478231966495514,0.3250443935394287,1.7991849385516745,0.3443838059902191,0.503900408744812,0.4091438353061676,0.6865234375,0.0,0.4027763307094574,0.41025200486183167,0.4064798057079315,0.3243616223335266,1.777512068333833,0.3451762795448303,0.5109074711799622,0.41199973225593567,0.681640625,0.0,0.4401027262210846,0.41498345136642456,0.4271741211414337,0.4609515368938446,1.5790396434920175,0.34345200657844543,0.33974751830101013,0.34158971905708313,0.74609375,0.0,0.41250428557395935,0.3986964523792267,0.40548285841941833,0.5067763924598694,1.4277397614258986,0.3714626729488373,0.37908655405044556,0.375235915184021
0.7031893098561178,0.0,0.4303127857299261,0.40854618670976284,0.419065210317229,0.42081583820922547,1.6218288487391532,0.35200815089903603,0.43998344571822595,0.38714050034824976,0.6572265625,0.0,0.4262197017669678,0.3878622353076935,0.4061373174190521,0.4035874307155609,1.638321079905071,0.335720956325531,0.33945924043655396,0.33757975697517395,0.7529296875,0.0,0.49125900864601135,0.4611033797264099,0.47570377588272095,0.37522202730178833,1.7430484529951928,0.35108622908592224,0.5308344960212708,0.42264270782470703,0.6708984375,0.0,0.3837929666042328,0.38073545694351196,0.3822581171989441,0.38716354966163635,1.6464618859083757,0.34216222167015076,0.5137284994125366,0.41074979305267334,0.697265625,0.0,0.4409945011138916,0.4189787805080414,0.42970481514930725,0.42100539803504944,1.6480225103242057,0.3544878363609314,0.3280182480812073,0.34073975682258606,0.72265625,0.0,0.3889482617378235,0.379599928855896,0.384217232465744,0.5106486082077026,1.4281506272462698,0.3730665147304535,0.5076298117637634,0.43006810545921326
0.6789169048296165,0.0,0.4288096078601895,0.4107441570429309,0.4194988375145457,0.42441511913088176,1.6142830903329157,0.3552804592668331,0.4077875860105441,0.3766625103617258,0.6201171875,0.0,0.3837146461009979,0.359952837228775,0.371454119682312,0.4070752263069153,1.6295272357880124,0.33951205015182495,0.34651386737823486,0.34297722578048706,0.7060546875,0.0,0.4683988690376282,0.4696575105190277,0.4690273702144623,0.3592362403869629,1.7718339050319833,0.3497024178504944,0.5307542085647583,0.4216131269931793,0.69921875,0.0,0.48640090227127075,0.4560745656490326,0.4707498252391815,0.3526569902896881,1.739927703919618,0.35728317499160767,0.4374467730522156,0.3933219909667969,0.6298828125,0.0,0.39307814836502075,0.36748915910720825,0.37985318899154663,0.46274685859680176,1.5661347014563425,0.3580438494682312,0.33887428045272827,0.3481954038143158,0.7451171875,0.0,0.427633136510849,0.4107474684715271,0.41902026534080505,0.5212972164154053,1.3915416240692138,0.3722940981388092,0.38678961992263794,0.37940341234207153
0.6778372121731087,0.0,0.456618340617508,0.4069082532529742,0.42986589857945295,0.41741651272182584,1.6317026091066582,0.3538106452182779,0.3979415136041748,0.372608165685188,0.611328125,0.0,0.434483140707016,0.3719451427459717,0.4007892608642578,0.42401593923568726,1.6156074811541845,0.3340396285057068,0.3554728925228119,0.3444231450557709,0.705078125,0.0,0.4862760007381439,0.4469754695892334,0.4657982289791107,0.34458258748054504,1.8104326523525613,0.3568185269832611,0.5125219821929932,0.42072656750679016,0.6572265625,0.0,0.4432445168495178,0.4158852696418762,0.4291292726993561,0.3471359610557556,1.709356665611267,0.3522206246852875,0.37349581718444824,0.3625463545322418,0.6875,0.0,0.42652446031570435,0.40740275382995605,0.4167443811893463,0.46947935223579407,1.5750791583742414,0.35968127846717834,0.3574580252170563,0.35856619477272034,0.716796875,0.0,0.4876280426979065,0.39037927985191345,0.4336180090904236,0.4835430681705475,1.4591175097685594,0.3645225763320923,0.37510430812835693,0.36973777413368225
0.6824167868549678,0.0,0.41876506744620146,0.41192158099216036,0.4148950267075908,0.4131173747607504,1.6320117676468018,0.3502878190588651,0.397859715942835,0.3701819684613445,0.5986328125,0.0,0.4036979675292969,0.3792971968650818,0.3911173641681671,0.430991530418396,1.5946547663401043,0.3406452536582947,0.36247777938842773,0.35122254490852356,0.68359375,0.0,0.3831227421760559,0.3814508616924286,0.3822849690914154,0.3308170437812805,1.8037895249648832,0.3428151607513428,0.512292742729187,0.41075921058654785,0.6884765625,0.0,0.43480047583580017,0.4898110032081604,0.46066930890083313,0.33264321088790894,1.7498157542684805,0.35489869117736816,0.3681434690952301,0.36139976978302,0.7109375,0.0,0.457349956035614,0.44038039445877075,0.4487047791481018,0.4645421802997589,1.5759883761405944,0.3507081866264343,0.35243427753448486,0.35156911611557007,0.7275390625,0.0,0.4194047451019287,0.3915420472621918,0.4049947261810303,0.4864472448825836,1.4588530705525324,0.3641132414340973,0.3773249089717865,0.3706013560295105
0.7270645270544778,0.0,0.47492815191951165,0.4434383155492027,0.45836385255712553,0.42321535134477584,1.6243252585382357,0.35256175078575286,0.4038891429973588,0.37371317527099174,0.6357421875,0.0,0.44611573219299316,0.3898419141769409,0.41608473658561707,0.4170403480529785,1.6376253517847212,0.341948539018631,0.3491341471672058,0.3455039858818054,0.71484375,0.0,0.49566659331321716,0.4396011233329773,0.46595343947410583,0.3614564836025238,1.7572312203931137,0.3500956892967224,0.5263630747795105,0.42050454020500183,0.7119140625,0.0,0.46484285593032837,0.45453667640686035,0.459632009267807,0.35334712266921997,1.7080747614736143,0.337711364030838,0.40865451097488403,0.3698112964630127,0.7197265625,0.0,0.46670469641685486,0.4476548135280609,0.4569813311100006,0.45601436495780945,1.5999224015644617,0.35712018609046936,0.34798693656921387,0.35249441862106323,0.84765625,0.0,0.4962572157382965,0.48737186193466187,0.49177441000938416,0.5101645588874817,1.434111813398508,0.37105947732925415,0.3805237412452698,0.3757320046424866
0.6758939509475473,0.0,0.4169903191138914,0.4006995274529552,0.40839071738653776,0.4217156581439106,1.6135213311689385,0.35415351401565315,0.40477162447602144,0.3751244233640712,0.6142578125,0.0,0.39112526178359985,0.37853938341140747,0.38472941517829895,0.4364723563194275,1.5851795919357785,0.3535880148410797,0.3647133708000183,0.3590644896030426,0.69140625,0.0,0.41640257835388184,0.43208569288253784,0.4240992069244385,0.3534635901451111,1.7595092192502089,0.33803218603134155,0.509777307510376,0.4065091013908386,0.6796875,0.0,0.4476417005062103,0.39007091522216797,0.4168780446052551,0.38164252042770386,1.6576845671819604,0.35198333859443665,0.4102745056152344,0.37890011072158813,0.669921875,0.0,0.43134865164756775,0.4093695282936096,0.4200718104839325,0.43806102871894836,1.607658932890211,0.3611280620098114,0.3482432961463928,0.3545686602592468,0.72265625,0.0,0.40579113364219666,0.38612061738967896,0.39571160078048706,0.4922555685043335,1.4572706250044016,0.36627620458602905,0.3863280415534973,0.37603500485420227
